symbol,date,close,signal,score,vs_cloud,tenkan,kijun,cloud_top,cloud_bottom,dist_kijun_pct,roc26_pct,near_cross,stop_loss,target_t1
GLENMARK,2026-09-29,2441.50,True,4,above,2387.30,2414.80,2306.62,2261.00,1.11,2.12,False,2148.52,3027.46
LICHSGFIN,2026-09-29,548.50,False,5,above,558.88,534.28,528.10,509.81,2.66,11.62,False,482.68,680.14
DIVISLAB,2026-09-29,9431.00,False,5,above,9437.75,9118.50,8270.00,7637.50,3.43,11.01,False,8299.28,11694.44
LAURUSLABS,2026-09-29,1979.00,False,5,above,1975.05,1925.90,1766.13,1606.85,2.76,9.88,False,1741.52,2453.96
ADANIPORTS,2026-09-29,1822.00,False,5,above,1774.55,1708.55,1765.75,1710.73,6.64,8.96,False,1603.36,2259.28
ZYDUSLIFE,2026-09-29,1200.50,False,5,above,1166.10,1159.05,1148.27,1129.40,3.58,8.76,False,1056.44,1488.62
AUROPHARMA,2026-09-29,1697.70,False,5,above,1687.00,1669.40,1618.90,1536.70,1.70,5.58,False,1493.98,2105.15
LGEINDIA,2026-09-29,1739.20,False,5,above,1680.90,1671.45,1639.58,1619.90,4.05,4.51,False,1530.50,2156.61
APLAPOLLO,2026-09-29,2188.60,False,5,above,2190.05,2161.15,2033.08,1961.45,1.27,2.03,False,1925.97,2713.86
ETERNAL,2026-09-29,327.85,False,5,above,331.32,327.60,313.06,289.88,0.08,0.21,False,288.51,406.53
MANKIND,2026-09-29,2545.00,False,4,above,2400.55,2390.50,2489.80,2443.80,6.46,7.18,False,2239.60,3155.80
DRREDDY,2026-09-29,1251.90,False,4,inside,1196.40,1191.40,1257.95,1176.77,5.08,5.20,False,1101.67,1552.36
COALINDIA,2026-09-29,425.00,False,4,inside,419.52,416.90,428.67,409.38,1.94,4.45,False,374.00,527.00
PAYTM,2026-09-29,1683.00,False,4,above,1737.15,1724.85,1554.70,1391.10,-2.43,3.66,True,1481.04,2086.92
LENSKART,2026-09-29,674.60,False,4,above,686.65,675.58,620.55,578.03,-0.14,2.25,True,593.65,836.50
MOTILALOFS,2026-09-29,996.20,False,4,above,1017.25,1012.00,941.23,927.50,-1.56,0.63,True,876.66,1235.29
ICICIAMC,2026-09-29,3233.00,False,4,inside,3154.50,3119.15,3294.25,3177.40,3.65,0.09,False,2845.04,4008.92
JINDALSTEL,2026-09-29,1130.00,False,4,above,1145.75,1127.20,1105.25,1089.25,0.25,-1.65,False,994.40,1401.20
PATANJALI,2026-09-29,371.40,False,3,inside,382.97,374.32,381.62,350.10,-0.78,6.11,True,326.83,460.54
PAGEIND,2026-09-29,36580.00,False,3,below,36072.50,35922.50,39482.50,37525.00,1.83,2.87,False,32190.40,45359.20
BLUESTARCO,2026-09-29,1529.50,False,3,below,1542.75,1512.90,1617.25,1555.12,1.10,1.70,False,1345.96,1896.58
SAIL,2026-09-29,181.82,False,3,above,182.18,185.73,172.94,172.63,-2.11,1.21,True,160.00,225.46
KOTAKBANK,2026-09-29,406.00,False,3,above,407.65,411.90,394.22,391.10,-1.43,1.13,True,357.28,503.44
TATASTEEL,2026-09-29,188.00,False,3,inside,187.33,186.04,190.47,185.23,1.05,0.91,False,165.44,233.12
VBL,2026-09-29,430.00,False,3,below,424.80,422.05,489.40,440.69,1.88,0.47,False,378.40,533.20
MCX,2026-09-29,3232.00,False,3,above,3318.45,3269.00,3018.75,2937.10,-1.13,-1.10,True,2844.16,4007.68
DLF,2026-09-29,653.00,False,3,inside,652.80,651.27,666.31,645.15,0.26,-5.22,False,574.64,809.72
BHEL,2026-09-29,413.35,False,2,inside,421.25,422.62,418.89,409.15,-2.19,0.47,False,363.75,512.55
PHOENIXLTD,2026-09-29,1929.00,False,2,below,1949.90,1927.90,1968.25,1951.30,0.06,-0.16,False,1697.52,2391.96
APOLLOHOSP,2026-09-29,8659.00,False,2,below,8864.00,8855.25,8773.88,8716.00,-2.22,-0.49,False,7619.92,10737.16
HDFCBANK,2026-09-29,722.70,False,2,below,727.77,715.60,779.05,734.27,0.99,-0.86,False,635.98,896.15
SBILIFE,2026-09-29,1735.00,False,2,below,1740.20,1725.90,1812.50,1810.35,0.53,-1.52,False,1526.80,2151.40
ITC,2026-09-29,265.10,False,2,below,266.67,264.73,279.77,275.26,0.14,-1.71,False,233.29,328.72
CGPOWER,2026-09-29,858.05,False,2,below,890.55,884.77,897.88,876.46,-3.02,-2.22,False,755.08,1063.98
HDFCLIFE,2026-09-29,523.55,False,2,below,540.70,538.05,567.75,546.30,-2.69,-5.32,False,460.72,649.20
TORNTPHARM,2026-09-29,4894.00,False,1,inside,4902.25,4910.75,4980.62,4813.50,-0.34,0.15,False,4306.72,6068.56
MAXHEALTH,2026-09-29,982.10,False,1,below,1025.80,1023.30,1074.10,1033.52,-4.03,-0.85,False,864.25,1217.80
ALKEM,2026-09-29,5250.00,False,1,below,5298.75,5258.75,5528.75,5435.62,-0.17,-1.87,False,4620.00,6510.00
INDHOTEL,2026-09-29,714.35,False,1,below,729.80,728.27,729.88,721.20,-1.91,-2.00,False,628.63,885.79
PNB,2026-09-29,111.75,False,1,inside,114.98,114.98,115.64,109.97,-2.81,-3.55,False,98.34,138.57
IDEA,2026-09-29,13.56,False,1,below,13.91,14.53,14.17,13.97,-6.64,-3.62,False,11.93,16.81
OIL,2026-09-29,459.45,False,1,inside,475.20,486.58,468.70,445.65,-5.57,-3.68,False,404.32,569.72
TATAPOWER,2026-09-29,359.00,False,1,below,364.38,362.32,387.73,379.30,-0.92,-3.88,False,315.92,445.16
DABUR,2026-09-29,380.40,False,1,below,386.73,383.07,424.07,408.39,-0.70,-4.53,False,334.75,471.70
BAJAJHLDNG,2026-09-29,10600.00,False,1,below,11024.50,11122.00,11078.25,10880.50,-4.69,-4.68,False,9328.00,13144.00
HYUNDAI,2026-09-29,2100.00,False,1,inside,2120.85,2145.30,2158.85,2078.10,-2.11,-4.85,False,1848.00,2604.00
COLPAL,2026-09-29,1785.10,False,1,below,1851.45,1849.95,2037.40,1984.65,-3.51,-5.00,False,1570.89,2213.52
RADICO,2026-09-29,4364.00,False,1,inside,4489.05,4489.40,4514.53,4151.70,-2.79,-5.13,False,3840.32,5411.36
GMRAIRPORT,2026-09-29,93.75,False,1,below,96.87,96.63,106.82,103.83,-2.99,-5.13,False,82.50,116.25
BOSCHLTD,2026-09-29,45700.00,False,1,inside,47175.00,47850.00,45751.25,43720.00,-4.49,-5.19,False,40216.00,56668.00
MOTHERSON,2026-09-29,158.56,False,1,inside,162.39,163.54,163.39,154.99,-3.05,-6.18,False,139.53,196.61
TVSMOTOR,2026-09-29,4091.10,False,1,inside,4122.65,4243.25,4192.23,3904.00,-3.59,-6.24,False,3600.17,5072.96
HINDZINC,2026-09-29,563.30,False,1,below,582.80,596.45,574.91,564.58,-5.56,-6.74,False,495.70,698.49
NAUKRI,2026-09-29,1245.00,False,1,inside,1262.50,1287.00,1312.67,1173.00,-3.26,-7.78,False,1095.60,1543.80
ATGL,2026-09-29,588.40,False,1,below,628.40,625.60,692.73,669.43,-5.95,-8.00,False,517.79,729.62
COFORGE,2026-09-29,1722.00,False,1,inside,1781.50,1869.10,1748.45,1631.50,-7.87,-8.06,False,1515.36,2135.28
BAJAJ-AUTO,2026-09-29,10811.00,False,1,inside,11190.50,11637.50,11432.62,10714.00,-7.10,-8.38,False,9513.68,13405.64
JUBLFOOD,2026-09-29,463.00,False,1,below,481.90,494.02,480.54,464.77,-6.28,-8.84,False,407.44,574.12
TMCV,2026-09-29,430.15,False,1,below,438.92,451.57,459.27,442.72,-4.74,-9.45,False,378.53,533.39
OFSS,2026-09-29,10406.00,False,1,below,11114.00,11436.00,11285.75,10553.25,-9.01,-9.65,False,9157.28,12903.44
SIEMENS,2026-09-29,3710.00,False,1,below,3832.15,3915.90,3937.55,3773.75,-5.26,-9.82,False,3264.80,4600.40
ADANIENT,2026-09-29,2972.90,False,0,below,2909.90,2983.70,3086.65,3047.28,-0.36,-0.86,False,2616.15,3686.40
NYKAA,2026-09-29,327.35,False,0,inside,331.57,334.40,330.12,309.12,-2.11,-0.89,False,288.07,405.91
GVT&D,2026-09-29,4130.30,False,0,below,4312.20,4442.55,4806.10,4253.75,-7.03,-1.14,False,3634.66,5121.57
INDUSTOWER,2026-09-29,367.55,False,0,below,372.05,373.20,395.00,381.79,-1.51,-1.79,False,323.44,455.76
AXISBANK,2026-09-29,1212.10,False,0,below,1216.30,1237.50,1304.35,1236.40,-2.05,-1.93,False,1066.65,1503.00
TATACOMM,2026-09-29,1654.70,False,0,below,1730.75,1730.75,1880.00,1733.38,-4.39,-2.00,False,1456.14,2051.83
GAIL,2026-09-29,170.04,False,0,below,171.57,172.96,174.83,174.16,-1.69,-2.14,False,149.64,210.85
SUNPHARMA,2026-09-29,1865.00,False,0,below,1861.85,1906.40,1933.33,1919.75,-2.17,-2.36,False,1641.20,2312.60
ONGC,2026-09-29,230.00,False,0,below,233.40,235.48,240.92,240.77,-2.33,-2.77,False,202.40,285.20
TATAINVEST,2026-09-29,625.45,False,0,below,677.30,683.30,667.98,664.53,-8.47,-3.17,False,550.40,775.56
BSE,2026-09-29,3200.00,False,0,below,3191.55,3274.80,3721.45,3422.67,-2.28,-3.40,False,2816.00,3968.00
ADANIPOWER,2026-09-29,196.30,False,0,below,201.50,204.92,218.46,208.76,-4.21,-3.63,False,172.74,243.41
POWERGRID,2026-09-29,261.50,False,0,below,265.22,266.80,278.65,273.54,-1.99,-3.65,False,230.12,324.26
ADANIGREEN,2026-09-29,1260.00,False,0,below,1280.75,1280.85,1456.30,1368.40,-1.63,-3.67,False,1108.80,1562.40
IREDA,2026-09-29,111.00,False,0,below,112.76,114.27,123.47,118.14,-2.86,-3.81,False,97.68,137.64
BPCL,2026-09-29,299.35,False,0,below,307.35,311.18,314.78,314.68,-3.80,-4.02,False,263.43,371.19
CIPLA,2026-09-29,1379.30,False,0,below,1386.30,1390.10,1435.05,1416.15,-0.78,-4.08,False,1213.78,1710.33
JSWSTEEL,2026-09-29,1272.40,False,0,below,1273.05,1289.00,1285.12,1272.85,-1.29,-4.11,False,1119.71,1577.78
SUPREMEIND,2026-09-29,3445.80,False,0,inside,3440.15,3490.00,3517.95,3407.45,-1.27,-4.31,False,3032.30,4272.79
NHPC,2026-09-29,73.32,False,0,below,75.12,75.60,78.46,78.05,-3.01,-4.34,False,64.52,90.92
TECHM,2026-09-29,1510.50,False,0,below,1543.35,1573.50,1608.12,1515.30,-4.00,-4.64,False,1329.24,1873.02
NTPC,2026-09-29,323.50,False,0,below,324.42,331.00,351.43,341.11,-2.27,-4.71,False,284.68,401.14
INDIGO,2026-09-29,4872.00,False,0,below,4905.25,4990.75,5204.88,5159.05,-2.38,-4.75,False,4287.36,6041.28
DMART,2026-09-29,3750.00,False,0,below,3774.05,3805.00,4092.25,3961.32,-1.45,-4.82,False,3300.00,4650.00
BHARATFORG,2026-09-29,1942.00,False,0,below,1950.60,1977.65,2124.90,2110.15,-1.80,-4.85,False,1708.96,2408.08
IOC,2026-09-29,131.33,False,0,below,135.16,136.08,141.87,139.32,-3.49,-5.18,False,115.57,162.85
BEL,2026-09-29,387.75,False,0,below,391.43,399.05,408.60,404.45,-2.83,-5.20,False,341.22,480.81
GRASIM,2026-09-29,3100.00,False,0,below,3153.15,3230.00,3255.40,3235.55,-4.02,-5.72,False,2728.00,3844.00
BANKBARODA,2026-09-29,227.68,False,0,below,230.76,234.71,262.83,246.58,-2.99,-5.72,False,200.36,282.32
OBEROIRLTY,2026-09-29,1762.90,False,0,below,1789.35,1796.40,1865.42,1818.05,-1.86,-5.73,False,1551.35,2186.00
ULTRACEMCO,2026-09-29,10829.00,False,0,below,10950.50,11229.50,11734.00,11729.00,-3.57,-5.87,False,9529.52,13427.96
UPL,2026-09-29,538.00,False,0,below,556.30,561.80,593.48,580.88,-4.24,-5.93,False,473.44,667.12
HINDPETRO,2026-09-29,349.20,False,0,below,351.20,359.45,391.12,381.99,-2.85,-6.12,False,307.30,433.01
CANBK,2026-09-29,119.51,False,0,below,122.36,124.73,128.74,128.42,-4.19,-6.12,False,105.17,148.19
VEDL,2026-09-29,260.00,False,0,below,262.65,271.75,284.08,272.05,-4.32,-6.14,False,228.80,322.40
LUPIN,2026-09-29,2052.10,False,0,below,2090.65,2135.70,2343.80,2279.48,-3.91,-6.21,False,1805.85,2544.60
SRF,2026-09-29,2420.10,False,0,below,2493.90,2532.95,2756.75,2675.42,-4.46,-6.23,False,2129.69,3000.92
IRCTC,2026-09-29,452.55,False,0,below,464.27,469.50,505.42,500.14,-3.61,-6.33,False,398.24,561.16
SOLARINDS,2026-09-29,18650.00,False,0,inside,19462.50,20590.00,19351.00,18627.00,-9.42,-6.40,False,16412.00,23126.00
KALYANKJIL,2026-09-29,568.85,False,0,inside,575.88,596.23,604.32,498.65,-4.59,-6.43,False,500.59,705.37
ICICIGI,2026-09-29,1515.00,False,0,below,1510.80,1526.35,1719.05,1648.35,-0.74,-6.48,False,1333.20,1878.60
GROWW,2026-09-29,183.52,False,0,below,187.43,192.28,204.54,197.79,-4.56,-6.59,False,161.50,227.56
IRFC,2026-09-29,80.26,False,0,below,79.38,81.94,93.10,87.36,-2.06,-6.66,False,70.63,99.52
COROMANDEL,2026-09-29,1792.90,False,0,below,1896.00,1896.00,2013.10,2008.75,-5.44,-6.94,False,1577.75,2223.20
MARICO,2026-09-29,787.15,False,0,below,810.18,818.08,858.21,842.55,-3.78,-6.97,False,692.69,976.07
SBIN,2026-09-29,964.70,False,0,below,976.95,1007.65,1062.65,1060.85,-4.26,-7.20,False,848.94,1196.23
HAL,2026-09-29,4549.30,False,0,below,4719.65,4823.35,4891.55,4676.25,-5.68,-7.27,False,4003.38,5641.13
IDFCFIRSTB,2026-09-29,79.46,False,0,below,84.10,84.10,84.77,82.83,-5.52,-7.49,False,69.92,98.53
CUMMINSIND,2026-09-29,4800.00,False,0,below,4965.00,5032.50,5495.50,5327.00,-4.62,-7.51,False,4224.00,5952.00
PIIND,2026-09-29,2288.80,False,0,below,2343.85,2363.75,2687.50,2574.05,-3.17,-7.52,False,2014.14,2838.11
HCLTECH,2026-09-29,1222.00,False,0,inside,1254.05,1281.85,1316.10,1204.90,-4.67,-7.56,False,1075.36,1515.28
BIOCON,2026-09-29,377.00,False,0,below,383.85,396.05,421.00,420.45,-4.81,-7.91,False,331.76,467.48
TITAN,2026-09-29,4675.00,False,0,below,4828.50,4930.85,4976.72,4694.15,-5.19,-7.95,False,4114.00,5797.00
GODREJCP,2026-09-29,855.00,False,0,below,870.50,891.95,1012.15,965.15,-4.14,-7.96,False,752.40,1060.20
JSWENERGY,2026-09-29,501.15,False,0,below,507.55,521.40,561.75,555.98,-3.88,-8.00,False,441.01,621.43
VMM,2026-09-29,104.30,False,0,below,103.12,106.17,113.01,108.87,-1.77,-8.11,False,91.78,129.33
HINDUNILVR,2026-09-29,1863.80,False,0,below,1916.35,1957.85,2122.75,2079.35,-4.80,-8.19,False,1640.14,2311.11
ENRIN,2026-09-29,3199.00,False,0,below,3174.55,3231.75,3492.45,3455.00,-1.01,-8.23,False,2815.12,3966.76
LT,2026-09-29,3749.10,False,0,below,3842.60,3932.75,3996.15,3990.15,-4.67,-8.33,False,3299.21,4648.88
YESBANK,2026-09-29,20.71,False,0,below,22.04,22.40,24.10,22.91,-7.57,-8.36,False,18.22,25.68
BANKINDIA,2026-09-29,130.11,False,0,below,134.83,138.22,142.97,142.50,-5.87,-8.37,False,114.50,161.34
HEROMOTOCO,2026-09-29,5208.00,False,0,below,5328.25,5443.00,5607.93,5304.25,-4.32,-8.39,False,4583.04,6457.92
MRF,2026-09-29,123080.00,False,0,below,124625.00,129275.00,132895.00,131297.50,-4.79,-8.40,False,108310.40,152619.20
ABCAPITAL,2026-09-29,378.00,False,0,below,393.05,396.25,406.15,396.93,-4.61,-8.45,False,332.64,468.72
BHARTIARTL,2026-09-29,1771.20,False,0,below,1827.65,1854.50,1959.20,1923.50,-4.49,-8.47,False,1558.66,2196.29
NESTLEIND,2026-09-29,1345.70,False,0,below,1362.85,1423.80,1488.48,1462.25,-5.49,-8.54,False,1184.22,1668.67
ASIANPAINT,2026-09-29,2415.00,False,0,below,2428.05,2529.85,2721.95,2705.38,-4.54,-8.55,False,2125.20,2994.60
INDIANB,2026-09-29,795.25,False,0,below,825.58,850.73,871.04,836.52,-6.52,-8.64,False,699.82,986.11
ICICIBANK,2026-09-29,1292.20,False,0,below,1327.00,1372.50,1421.48,1402.65,-5.85,-8.68,False,1137.14,1602.33
SHREECEM,2026-09-29,21900.00,False,0,below,22275.00,23402.50,25715.00,25221.25,-6.42,-8.83,False,19272.00,27156.00
TATACONSUM,2026-09-29,967.70,False,0,below,987.10,1008.70,1092.25,1075.50,-4.06,-8.92,False,851.58,1199.95
BRITANNIA,2026-09-29,4835.00,False,0,below,4919.00,5093.25,5487.25,5382.50,-5.07,-8.96,False,4254.80,5995.40
DIXON,2026-09-29,13250.00,False,0,below,13381.00,13920.00,14306.00,13328.00,-4.81,-9.06,False,11660.00,16430.00
TATACAP,2026-09-29,331.35,False,0,below,338.27,349.77,363.34,359.35,-5.27,-9.08,False,291.59,410.87
POWERINDIA,2026-09-29,30735.00,False,0,below,31282.50,31947.50,34073.75,33867.50,-3.80,-9.18,False,27046.80,38111.40
TRENT,2026-09-29,2635.00,False,0,below,2714.15,2767.60,3095.50,2998.33,-4.79,-9.29,False,2318.80,3267.40
PERSISTENT,2026-09-29,5162.00,False,0,inside,5332.00,5536.00,5455.28,4984.75,-6.76,-9.34,False,4542.56,6400.88
BAJFINANCE,2026-09-29,973.80,False,0,below,1002.30,1034.20,1087.38,1057.70,-5.84,-9.58,False,856.94,1207.51
UNIONBANK,2026-09-29,166.00,False,0,below,173.36,179.17,182.09,172.04,-7.35,-9.59,False,146.08,205.84
RELIANCE,2026-09-29,1182.00,False,0,below,1217.60,1257.40,1303.38,1297.85,-6.00,-9.76,False,1040.16,1465.68
HINDALCO,2026-09-29,955.20,False,0,below,975.45,1004.45,1027.26,1011.52,-4.90,-9.76,False,840.58,1184.45
AUBANK,2026-09-29,1005.20,False,0,below,1021.55,1064.30,1077.97,1052.05,-5.55,-9.77,False,884.58,1246.45
JIOFIN,2026-09-29,217.56,False,0,below,224.68,230.18,250.80,248.60,-5.48,-10.10,False,191.45,269.77
INFY,2026-09-29,1015.40,False,0,below,1022.00,1068.20,1124.10,1088.70,-4.94,-10.14,False,893.55,1259.10
EXIDEIND,2026-09-29,407.00,False,0,below,423.93,430.52,464.06,437.05,-5.46,-10.21,False,358.16,504.68
COCHINSHIP,2026-09-29,1359.30,False,0,below,1350.50,1433.95,1466.35,1453.80,-5.21,-10.22,False,1196.18,1685.53
ASTRAL,2026-09-29,1375.00,False,0,below,1387.10,1463.75,1519.27,1455.80,-6.06,-10.29,False,1210.00,1705.00
NMDC,2026-09-29,77.00,False,0,below,79.17,82.56,86.51,83.96,-6.73,-10.36,False,67.76,95.48
FORTIS,2026-09-29,822.00,False,0,below,862.00,878.55,940.55,918.84,-6.44,-10.46,False,723.36,1019.28
FEDERALBNK,2026-09-29,320.20,False,0,below,331.62,339.10,355.00,342.23,-5.57,-10.50,False,281.78,397.05
POLYCAB,2026-09-29,8102.50,False,0,below,8282.75,8758.50,9458.50,9142.88,-7.49,-10.51,False,7130.20,10047.10
AMBUJACEM,2026-09-29,365.75,False,0,below,380.88,394.27,427.75,421.25,-7.23,-10.52,False,321.86,453.53
TMPV,2026-09-29,280.95,False,0,below,296.00,296.18,359.17,331.46,-5.14,-10.64,False,247.24,348.38
SBICARD,2026-09-29,581.00,False,0,below,616.08,628.00,637.70,627.05,-7.48,-10.66,False,511.28,720.44
RVNL,2026-09-29,197.90,False,0,below,204.81,209.62,234.20,225.55,-5.59,-10.74,False,174.15,245.40
SWIGGY,2026-09-29,253.70,False,0,below,270.32,272.00,277.06,270.38,-6.73,-10.75,False,223.26,314.59
EICHERMOT,2026-09-29,7179.00,False,0,below,7367.00,7652.25,7960.62,7553.75,-6.18,-10.79,False,6317.52,8901.96
RECLTD,2026-09-29,292.45,False,0,below,303.62,310.83,351.08,343.20,-5.91,-10.81,False,257.36,362.64
KPITTECH,2026-09-29,519.70,False,0,below,528.23,554.48,658.50,602.80,-6.27,-10.87,False,457.34,644.43
PFC,2026-09-29,324.10,False,0,below,335.38,344.97,403.00,383.40,-6.05,-10.96,False,285.21,401.88
TCS,2026-09-29,2032.40,False,0,below,2148.00,2215.85,2334.23,2235.90,-8.28,-11.02,False,1788.51,2520.18
WAAREEENER,2026-09-29,2380.00,False,0,below,2470.35,2533.85,2859.40,2689.97,-6.07,-11.02,False,2094.40,2951.20
MPHASIS,2026-09-29,2154.40,False,0,below,2241.15,2338.70,2422.72,2339.00,-7.88,-11.23,False,1895.87,2671.46
ABB,2026-09-29,6660.50,False,0,below,7033.00,7179.75,7549.00,7320.00,-7.23,-11.24,False,5861.24,8259.02
MFSL,2026-09-29,1392.40,False,0,below,1475.95,1482.50,1590.55,1540.20,-6.08,-11.30,False,1225.31,1726.58
GODFRYPHLP,2026-09-29,1862.00,False,0,below,1940.55,2012.95,2211.50,2172.23,-7.50,-11.35,False,1638.56,2308.88
ASHOKLEY,2026-09-29,153.44,False,0,below,158.34,167.16,170.68,165.14,-8.21,-11.45,False,135.03,190.27
HUDCO,2026-09-29,165.57,False,0,below,171.60,176.79,201.24,192.17,-6.35,-11.71,False,145.70,205.31
CHOLAFIN,2026-09-29,1627.30,False,0,below,1703.10,1762.60,1840.48,1779.90,-7.68,-11.88,False,1432.02,2017.85
PIDILITIND,2026-09-29,1461.00,False,0,below,1529.95,1574.35,1647.17,1622.30,-7.20,-11.99,False,1285.68,1811.64
LODHA,2026-09-29,1106.60,False,0,below,1127.75,1177.20,1236.79,1122.55,-6.00,-12.06,False,973.81,1372.18
VOLTAS,2026-09-29,1090.00,False,0,below,1124.40,1167.50,1313.75,1287.47,-6.64,-12.24,False,959.20,1351.60
UNITDSPR,2026-09-29,1363.00,False,0,below,1399.05,1456.15,1503.02,1414.75,-6.40,-12.35,False,1199.44,1690.12
TATAELXSI,2026-09-29,3211.70,False,0,below,3255.55,3407.05,3755.45,3658.15,-5.73,-12.57,False,2826.30,3982.51
MARUTI,2026-09-29,11877.00,False,0,below,12144.50,12790.50,13897.50,13757.50,-7.14,-12.80,False,10451.76,14727.48
BAJAJFINSV,2026-09-29,1742.40,False,0,below,1801.30,1878.30,1997.98,1914.25,-7.24,-12.95,False,1533.31,2160.58
LTM,2026-09-29,3936.00,False,0,below,4126.50,4318.00,4494.95,4189.00,-8.85,-13.03,False,3463.68,4880.64
SHRIRAMFIN,2026-09-29,971.50,False,0,below,993.45,1054.95,1098.45,1067.12,-7.91,-13.18,False,854.92,1204.66
PRESTIGE,2026-09-29,1417.50,False,0,below,1462.45,1528.20,1620.03,1567.75,-7.24,-13.35,False,1247.40,1757.70
M&MFIN,2026-09-29,328.05,False,0,below,341.15,357.35,379.61,351.85,-8.20,-13.37,False,288.68,406.78
360ONE,2026-09-29,1029.20,False,0,below,1070.70,1119.60,1165.00,1141.75,-8.07,-13.50,False,905.70,1276.21
WIPRO,2026-09-29,156.79,False,0,below,162.19,170.64,182.01,180.17,-8.12,-13.52,False,137.98,194.42
M&M,2026-09-29,2947.80,False,0,below,3037.80,3197.85,3374.30,3279.80,-7.82,-13.66,False,2594.06,3655.27
INDUSINDBK,2026-09-29,878.00,False,0,below,924.40,950.00,1021.37,989.00,-7.58,-13.79,False,772.64,1088.72
NATIONALUM,2026-09-29,346.65,False,0,below,352.48,372.18,385.71,376.80,-6.86,-14.05,False,305.05,429.85
CONCOR,2026-09-29,443.50,False,0,below,473.92,483.77,517.16,496.08,-8.33,-14.12,False,390.28,549.94
LTF,2026-09-29,271.05,False,0,below,291.88,298.38,313.91,310.48,-9.16,-14.18,False,238.52,336.10
MUTHOOTFIN,2026-09-29,2736.80,False,0,below,2790.35,2976.50,2988.88,2949.35,-8.05,-14.71,False,2408.38,3393.63
HDFCAMC,2026-09-29,2223.30,False,0,below,2339.75,2460.65,2653.45,2583.67,-9.65,-15.08,False,1956.50,2756.89
PREMIERENE,2026-09-29,870.00,False,0,below,886.80,946.80,1055.70,1034.70,-8.11,-15.53,False,765.60,1078.80
ADANIENSOL,2026-09-29,1305.80,False,0,below,1355.85,1456.10,1627.00,1620.33,-10.32,-16.03,False,1149.10,1619.19
SUZLON,2026-09-29,39.50,False,0,below,41.56,43.21,53.19,48.80,-8.59,-16.05,False,34.76,48.98
TIINDIA,2026-09-29,2413.00,False,0,below,2517.80,2667.35,3000.40,2832.15,-9.54,-16.22,False,2123.44,2992.12
HAVELLS,2026-09-29,1043.30,False,0,below,1087.85,1171.20,1268.48,1227.65,-10.92,-17.75,False,918.10,1293.69
MAZDOCK,2026-09-29,2087.10,False,0,below,2183.55,2371.95,2508.38,2445.90,-12.01,-17.83,False,1836.65,2588.00
KEI,2026-09-29,4461.00,False,0,below,4608.75,5093.65,5498.38,5322.25,-12.42,-18.80,False,3925.68,5531.64
GODREJPROP,2026-09-29,1634.40,False,0,below,1683.20,1864.70,2043.05,1951.60,-12.35,-19.88,False,1438.27,2026.66
BDL,2026-09-29,1085.10,False,0,below,1140.85,1239.40,1346.15,1322.75,-12.45,-20.68,False,954.89,1345.52
POLICYBZR,2026-09-29,1081.00,False,0,below,1490.95,1490.95,1711.90,1658.55,-27.50,-39.44,False,951.28,1340.44
